#SOURCE,DNAFusionFilter,2.0.0.88
#DATE,2020-09-18,22:03:22
#Sample: Input sample ID.
#Name: Fusion name as reported by manta.
#Chr1: The chromosome of the first breakend.
#Pos1: The position of the first breakend.
#Chr2: The chromosome of the second breakend.
#Pos2: The position of the second breakend.
#Direction: The direction of how the breakends are joined together.
#Alt_Depth: The number of read-pairs supporting the fusion call.
#Total_Depth: Max number of read-pairs aligned to a fusion breakend.
#BP1_Depth: Number of read-pairs aligned to the first breakend.
#BP2_Depth: Number of read-pairs aligned to the second breakend.
#VAF: Variant allele frequency.
#Gene1: Genes that overlap the first breakend.
#Gene2: Genes that overlap the second breakend.
#Contig: The fusion contig.
#Filter: Indicates whether the fusion has passed all of the fusion filters.
#Is_Cosmic_GenePair: Indicates whether the gene pair has been reported by Cosmic(True/False).
Sample,Name,Chr1,Pos1,Chr2,Pos2,Direction,Alt_Depth,BP1_Depth,BP2_Depth,Total_Depth,VAF,Gene1,Gene2,Contig,Filter,Is_Cosmic_GenePair
FusionMix_DNA_1pct_rep1,MantaBND:7707:1:12:0:1:0,chr2,29447024,chr5,170819668,L1rL2,11,2982,565,2982,0.00368879946345,ALK,NPM1,TAGACCCAATACGGTCTGCAGATTTTATTAGGAGAAATGCCCATGAGAGGAAATGGGGAGGGAGCCAGGGAAGGCTGGGTGAACCAGCAGACTGTGTTGCAAGTATAACCCCACGTGAACGAGGGAGGGAGGGAAGGTTGGGTGGAAGCACCCTGGGTGCCATGGAGCCTAAGGAAGTTTCAGCAAGGCCCTAAGGGGTTCTGGAGCCAAAGTCAGTCATCAGAGGAGTCCCATGACTCCCAGGAATTGGCCTGCCTTAGTATTTCTGCTGTGCTCAGCCATTGGGTAGGGCAGCTTCAGTGCAATCACAGCAGTGGATTTGAGGGTGCAGCTGGCCCAGGGGTCAGAAAAAAAAAGAACACTGATAGTAAATACTCTAAAAACTGAGACTTCTA,PASS,True
FusionMix_DNA_1pct_rep1,MantaBND:7707:1:6:0:1:0,chr2,29447105,chr5,170819618,rR2R1,11,2749,102,2749,0.00400145507457,ALK,NPM1,ACATTGGTAGAGCTCTTTAGGATTTTTCAAAACCATTTTATGTTGGTGAATTCATTTCATTGACAACCCTAGAGGGTGGGGAGTGGCAGTGGTTAGGGAAACAGGGCAGGAGTTACCATCCCTGCCTACAGAGAGGGAAACTGCAGTCCAAAGAGGTCCTGTGACCTGGTCCTCATGGCTCAGCTTGTAAGTAACAAGAGGCGGAATTAGAGCACAGATCCCCAGACACCAATTCAGATCCTAGGAAGTCTCAGTTTTTAGAGTATTTACTATCAGTGTTCTTTTTTTTTCTGACTTCTTGCTGCTTGAGTTTTATAATGTCTAATAAATTGTATTTTAGCTGTGGAGGAAGATGCAGAGTCAGAAGATGAAGAGGAGGAGGATGTGAAACTCTTAAGTATATCTGGAAAGCGGTCTGCCCCTGGA,PASS,True
FusionMix_DNA_1pct_rep1,MantaBND:5914:5:6:0:0:0,chr2,29448092,chr2,42493956,L1rL2,5,3185,5,3185,0.00156985871272,ALK,EML4,TTTCAAGCCTCTGCCCATCTGTCCTGGGCATGTCTCTGCCAGCAGTAAGAGCTGGTTGGGACCACACTGAGTTCTCTGTGACCTGCAGGTCAGCTCACCTTGGCTCACAGGCTGAACAGAAATATACTCAGAAACCGATTTTCCTATCTCTCTGCCTGGAGGGTGGTGGAGGGCTGGTTTGGGGAAGAGTGGGCTAGTGCATTACATAGGGTGGGAGCCAAACAGGAGCTGCGCCGGTGGAAGCATGTGGGAGCTAGAAGTGACGTCTAGGGGTGGGGGCGAGCTTTCACCATCGTGATGGACACTGAAGGAGCTCCCCACCCCCTGATCAGCCAGGAGGATACTAGTTACTATATTTAGAGTAGAAAACCACTCAGAGACATTGTCATTCAGCCTAGGTCATAAGGCTATTATGCATAAGAGCCAGGACCAACCACTAAACA,PASS,True
FusionMix_DNA_1pct_rep1,MantaBND:367:0:2:0:0:0,chr4,1808856,chr7,98030496,rR2R1,8,2701,5,2701,0.00296186597556,FGFR3,NonGene,CCAAAGCTCTGTGTAGCTGTCTCTCCATCTGCACTGAGTCTCATGCCGGGGAGTGGCTGTGCACCAGCAGCAGGGTGGGCTGCTAGGGACCCCTCACATTGTTGGGGACCAGTGGCCCTTCACGTCCGCGAGCCCCCACTGCTGGGTGGGGCCGGGGGCAGCAGGTCGTGGGCAAACACGGAGTCGTCCCCTGAGGAGCTGGAGCTGGGGGTGTCCTGGCCACCCGGGAAGTACTGCTCGAAAGGCGCCGACACGTGCGGCCTGGTGAGCGGGGCCCGGCCGGGGTGGGCGGGGAGGAGGCGGGGC,PASS,False
FusionMix_DNA_1pct_rep1,MantaBND:367:0:1:0:0:0,chr7,98030072,chr4,1808806,L1rL2,20,14,2000,2000,0.01,BAIAP2L1,FGFR3,AAGAGGGGCTGTGGAGGGCCAGGGGAGGAGTGGGAGAGACCGGGAGAGGTGGAAGGACGCGGGGGAGGGGAGCTGGAGGGAGGGAAAGTACCTTCCCGCGTAAAGTCCCCTTCTGAACCCCGAGGTCAAGCCCCTCTTCGCACAGCCACCTCTGTGCCCAGGCTGTGCCCCAGAAGGCCCGCCCCACACCTCAGCACTCTGGGGGGCAGGATGGCCGGGGACGGCAGGGGGAGGGGCATAGGCGGGTGGCACCAGGCCAGAGCCAGCACTCACGTCGGTGGACGTCACGGTAAGGACACGGTCCAGGTCCTCCACCAGCTGCTTGAAGGTGGGCCTCTGGGAGGGCGCGGCATGCCAGCACTCCCGCATGATCATGTACCTGCGGGCAGGGCGCTCAGGAGTGAGCCCCGCCGCTTCCCGCCTTATTCGGGAACAGCCTGAAGGGCTGCC,PASS,True
FusionMix_DNA_1pct_rep1,MantaBND:325:33:34:0:1:0,chr8,121299542,chr10,123241058,rR2R1,5,3,1959,1959,0.00255232261358,COL14A1,FGFR2,GAAAATAAACATGCCAAGAGGAATTTGGTGAGTAAACAATGTTAAGTCCTAAGAGCTGCTAATGGGACCACTTTGAGCCATGAACTAATAAATCTCCACCACATCAAAAGAGAACTTTTTGCTTACAATGATAAAAACGAAATTTTGTCCTAAATGGAACCGTTTTTCTTGAGCATATGGTAATGATTTTCAGAAGGAAAGAAACTTCGATTTTTATATCCACCAGACAATATGGCATTCTGCTTTTTTATTTTAGGGTACTAGATACAAATTTCAGTATCAACGGACCCAC,PASS,False
FusionMix_DNA_1pct_rep1,MantaBND:11601:1:6:0:0:0,chr10,43609706,chr13,76940932,L1rL2,8,2581,4,2581,0.0030995738086,RET,NonGene,TGACCATGCAGCTGGGACCCACCCAGGAACACATTTCAAGGTCAGCAGGTATGGTGGGTTGCACAGCCACACTGACTACACTCAGGGGTGCTGTTCTGCCTGAGCATAGGGACACGTTTCTGTCATTGAGTTTTCTGGTATTATATAGCCCTACGTCCCTAGCCACTTAGCATTTTCATAAAGAAAATGCCAAAGACATTTGGAACAGAGGAAAATTTTGACCTCCCCTGCCAGCCCTCCAGTGCCAGCTGGTGTAATGAGCACAGCCTCTGCTGTGTGACCTTGGCAGGCTGCTCAGCCTCTCTGAGCCTCTTGCTGGGATTACAGGCGCACACCACCACACCCAGCTAATATTTGTATTTTTAGTAGAGACAGGGTTTTGCCATGTTGGCCAG,PASS,False
FusionMix_DNA_1pct_rep1,MantaBND:3149:0:1:0:0:0,chr10,43609948,chr10,61638611,rR2R1,22,3281,10,3281,0.00670527278269,RET,CCDC6,TCTGTCTCCCCAGCTGGCCTCCCTCCCTGGAAGGCAGCTGGGGAGGGCAGGGGATCTTCCCTGCCCCGCAGGGACCCTCACCAGGATCTTGAAGGCATCCACGGAGACCTGGTTCTCCATGGAGTCCAGCGAGGGCCGGCGGGCACCGGAAGAGGAGTAGCTGACCGGGAAGGCCTGGGCGGGCCTCCGGAAGGTCATCTCAGCTGAGGAGATGGGTGGCTTGTGGGCAAACTTGTGGTAGCAGTGGATGCAGAAGGCAGACAGCAGCACCGAGACGATGAAGGAGAAGAGGACAGCGGCTGCGATCACCGTGCGGCAAGGAATTATTTAACAATTATGACTATTCATTTAGGCCAAGCCATAAGGGAAAGGAAAGGAAAGGATGCAGTTTGTGTGCTTGGAGGGAAGGGATATCTTCTTGGCCACCTCAAATCCATTTGAGAAGCAGGTACCGTATAAATTAGCAGTTATCATCTCACTG,PASS,True
FusionMix_DNA_1pct_rep1,MantaBND:14363:0:2:0:0:0,chr10,123240358,chr8,126737967,L1rL2,8,1956,7,1956,0.0040899795501,FGFR2,NonGene,GACTATGAATATTTATTTTCTGAATTACATTTTACTATTGTAGTTTCGGGGATAATTGAAGGGGAATACTTCTTCATTCAGTGGGTAATTTAACAGATGTAACTGATTACTCTCAGAAGCTCTCCGAGTTGAAAATGTAAACAGGTTCAAAAAAGGCTTAGACATACTCATGTATGTTAAATCCATAATGCACTGTTAAAGGAAACTTCAGGAAAATATCGGTTAAGTTTCAAAGTTTTGAAGGTTCGAGATTCAGAAAGTGTCCTCTGCTCCCCAAGGCATCCAGTGCTGGTGCTGCAAAAAGCCCTCTGGATCACCCCAGGGTGACACTTCCTCCGACATGTCACAGCAACATTTTGCAAATATAAAATGCTCTCCAAATGGTTTTACTCCCAGGGCAGTCCCTGGCTCTGAAGGAAAGTGGCTGTCTACCCACTTTA,PASS,False
